id,firstname,lastname,email,email2,profession
100,Stacey,Sheng,Stacey.Sheng@yopmail.com,Stacey.Sheng@gmail.com,firefighter
101,Shaine,Ramona,Shaine.Ramona@yopmail.com,Shaine.Ramona@gmail.com,doctor
102,Almeta,Taam,Almeta.Taam@yopmail.com,Almeta.Taam@gmail.com,doctor
103,Dorice,Ingra,Dorice.Ingra@yopmail.com,Dorice.Ingra@gmail.com,developer
104,Wendi,Colyer,Wendi.Colyer@yopmail.com,Wendi.Colyer@gmail.com,worker
105,Kylynn,Wadell,Kylynn.Wadell@yopmail.com,Kylynn.Wadell@gmail.com,worker
106,Edith,Meli,Edith.Meli@yopmail.com,Edith.Meli@gmail.com,developer
107,Celestyna,Helfand,Celestyna.Helfand@yopmail.com,Celestyna.Helfand@gmail.com,developer
108,Robinia,Lorain,Robinia.Lorain@yopmail.com,Robinia.Lorain@gmail.com,doctor
109,Gerrie,Curren,Gerrie.Curren@yopmail.com,Gerrie.Curren@gmail.com,developer
110,Peri,Tound,Peri.Tound@yopmail.com,Peri.Tound@gmail.com,developer
111,Sean,Malina,Sean.Malina@yopmail.com,Sean.Malina@gmail.com,firefighter
112,Aeriela,Kannry,Aeriela.Kannry@yopmail.com,Aeriela.Kannry@gmail.com,police officer
113,Stacey,Center,Stacey.Center@yopmail.com,Stacey.Center@gmail.com,worker
114,Wilma,Demitria,Wilma.Demitria@yopmail.com,Wilma.Demitria@gmail.com,doctor
115,Antonietta,Sharl,Antonietta.Sharl@yopmail.com,Antonietta.Sharl@gmail.com,doctor
116,Inga,Rillings,Inga.Rillings@yopmail.com,Inga.Rillings@gmail.com,police officer
117,Ayn,Goth,Ayn.Goth@yopmail.com,Ayn.Goth@gmail.com,police officer
118,Max,Larochelle,Max.Larochelle@yopmail.com,Max.Larochelle@gmail.com,firefighter
119,Aeriela,Carvey,Aeriela.Carvey@yopmail.com,Aeriela.Carvey@gmail.com,firefighter
120,Marleah,Kare,Marleah.Kare@yopmail.com,Marleah.Kare@gmail.com,developer
121,Carmela,Jacobah,Carmela.Jacobah@yopmail.com,Carmela.Jacobah@gmail.com,developer
122,Karena,Shaddock,Karena.Shaddock@yopmail.com,Karena.Shaddock@gmail.com,firefighter
123,Cathyleen,Eachern,Cathyleen.Eachern@yopmail.com,Cathyleen.Eachern@gmail.com,developer
124,Gusella,Bury,Gusella.Bury@yopmail.com,Gusella.Bury@gmail.com,worker
125,Justinn,Ax,Justinn.Ax@yopmail.com,Justinn.Ax@gmail.com,doctor
126,Ivett,Tryck,Ivett.Tryck@yopmail.com,Ivett.Tryck@gmail.com,police officer
127,Kathi,Bertold,Kathi.Bertold@yopmail.com,Kathi.Bertold@gmail.com,worker
128,Hannis,Paine,Hannis.Paine@yopmail.com,Hannis.Paine@gmail.com,developer
129,Silvana,Anestassia,Silvana.Anestassia@yopmail.com,Silvana.Anestassia@gmail.com,developer